dbpedia_5,dbpedia_10,lmdb_5,lmdb_10
0.23485714285714282,0.4499555555555555,0.1746666666666667,0.3533333333333333
