dbpedia_5, dbpedia_10, lmdb_5,lmdb_10
0.4618236642444914,0.5497246116572323,0.4779275121704347,0.5998902146072543
