{
    "results_esbm_plus": {
        "dbpedia_5": 0.13768000000000025,
        "dbpedia_10": 0.28717407407407414,
        "lmdb_5": 0.08874444444444439,
        "lmdb_10": 0.17995291005290998
    },
    "total_average": {
        "dbpedia_5": 0.13768000000000025,
        "dbpedia_10": 0.28717407407407414,
        "lmdb_5": 0.08874444444444439,
        "lmdb_10": 0.17995291005290998
    }
}