{
    "result_1": {
        "dbpedia_5": 0.18895555555555538,
        "dbpedia_5_total": 141.71666666666653,
        "dbpedia_5_count": 750,
        "dbpedia_10": 0.32700571428571384,
        "dbpedia_10_total": 245.2542857142854,
        "dbpedia_10_count": 750,
        "lmdb_5": 0.17036666666666664,
        "lmdb_5_total": 51.10999999999999,
        "lmdb_5_count": 300,
        "lmdb_10": 0.2567764550264551,
        "lmdb_10_total": 77.03293650793653,
        "lmdb_10_count": 300
    },
    "result_2": {
        "dbpedia_5": 0.18418222222222197,
        "dbpedia_5_total": 138.13666666666649,
        "dbpedia_5_count": 750,
        "dbpedia_10": 0.3249229629629631,
        "dbpedia_10_total": 243.6922222222223,
        "dbpedia_10_count": 750,
        "lmdb_5": 0.16983333333333336,
        "lmdb_5_total": 50.95000000000001,
        "lmdb_5_count": 300,
        "lmdb_10": 0.2573353174603175,
        "lmdb_10_total": 77.20059523809525,
        "lmdb_10_count": 300
    },
    "result_3": {
        "dbpedia_5": 0.190644444444444,
        "dbpedia_5_total": 142.983333333333,
        "dbpedia_5_count": 750,
        "dbpedia_10": 0.3292584126984125,
        "dbpedia_10_total": 246.94380952380936,
        "dbpedia_10_count": 750,
        "lmdb_5": 0.16751111111111114,
        "lmdb_5_total": 50.25333333333334,
        "lmdb_5_count": 300,
        "lmdb_10": 0.2545371693121693,
        "lmdb_10_total": 76.3611507936508,
        "lmdb_10_count": 300
    },
    "result_4": {
        "dbpedia_5": 0.18620444444444412,
        "dbpedia_5_total": 139.65333333333308,
        "dbpedia_5_count": 750,
        "dbpedia_10": 0.3235448148148149,
        "dbpedia_10_total": 242.65861111111116,
        "dbpedia_10_count": 750,
        "lmdb_5": 0.17256666666666665,
        "lmdb_5_total": 51.769999999999996,
        "lmdb_5_count": 300,
        "lmdb_10": 0.2560912698412699,
        "lmdb_10_total": 76.82738095238098,
        "lmdb_10_count": 300
    },
    "result_5": {
        "dbpedia_5": 0.18447111111111092,
        "dbpedia_5_total": 138.35333333333318,
        "dbpedia_5_count": 750,
        "dbpedia_10": 0.32141423280423265,
        "dbpedia_10_total": 241.0606746031745,
        "dbpedia_10_count": 750,
        "lmdb_5": 0.17078888888888896,
        "lmdb_5_total": 51.236666666666686,
        "lmdb_5_count": 300,
        "lmdb_10": 0.25530370370370375,
        "lmdb_10_total": 76.59111111111112,
        "lmdb_10_count": 300
    },
    "result_6": {
        "dbpedia_5": 0.18417333333333302,
        "dbpedia_5_total": 138.12999999999977,
        "dbpedia_5_count": 750,
        "dbpedia_10": 0.3189005820105819,
        "dbpedia_10_total": 239.17543650793644,
        "dbpedia_10_count": 750,
        "lmdb_5": 0.17177777777777786,
        "lmdb_5_total": 51.53333333333336,
        "lmdb_5_count": 300,
        "lmdb_10": 0.25462619047619056,
        "lmdb_10_total": 76.38785714285717,
        "lmdb_10_count": 300
    },
    "result_7": {
        "dbpedia_5": 0.18564444444444425,
        "dbpedia_5_total": 139.23333333333318,
        "dbpedia_5_count": 750,
        "dbpedia_10": 0.32389920634920627,
        "dbpedia_10_total": 242.9244047619047,
        "dbpedia_10_count": 750,
        "lmdb_5": 0.17037777777777782,
        "lmdb_5_total": 51.113333333333344,
        "lmdb_5_count": 300,
        "lmdb_10": 0.25361878306878305,
        "lmdb_10_total": 76.08563492063492,
        "lmdb_10_count": 300
    },
    "result_8": {
        "dbpedia_5": 0.18571999999999958,
        "dbpedia_5_total": 139.28999999999968,
        "dbpedia_5_count": 750,
        "dbpedia_10": 0.3264700529100526,
        "dbpedia_10_total": 244.85253968253943,
        "dbpedia_10_count": 750,
        "lmdb_5": 0.17054444444444442,
        "lmdb_5_total": 51.16333333333333,
        "lmdb_5_count": 300,
        "lmdb_10": 0.2547051587301588,
        "lmdb_10_total": 76.41154761904764,
        "lmdb_10_count": 300
    },
    "result_9": {
        "dbpedia_5": 0.1859466666666663,
        "dbpedia_5_total": 139.45999999999972,
        "dbpedia_5_count": 750,
        "dbpedia_10": 0.3274924338624336,
        "dbpedia_10_total": 245.61932539682522,
        "dbpedia_10_count": 750,
        "lmdb_5": 0.16955555555555557,
        "lmdb_5_total": 50.86666666666667,
        "lmdb_5_count": 300,
        "lmdb_10": 0.2532509259259259,
        "lmdb_10_total": 75.97527777777778,
        "lmdb_10_count": 300
    }
}