{
    "result_1": {
        "dbpedia_5": 0.18284888888888867,
        "dbpedia_10": 0.3315965079365077,
        "lmdb_5": 0.15060000000000026,
        "lmdb_10": 0.2559244708994708
    },
    "total_average": {
        "dbpedia_5": 0.18132983691678664,
        "dbpedia_10": 0.32830698359928834,
        "lmdb_5": 0.15200507659932685,
        "lmdb_10": 0.25480473482665367
    },
    "result_2": {
        "dbpedia_5": 0.17883555555555536,
        "dbpedia_10": 0.32734439153439143,
        "lmdb_5": 0.151466666666667,
        "lmdb_10": 0.25794312169312167
    },
    "result_3": {
        "dbpedia_5": 0.1851777777777773,
        "dbpedia_10": 0.3341244444444441,
        "lmdb_5": 0.15291111111111133,
        "lmdb_10": 0.25143849206349206
    },
    "result_4": {
        "dbpedia_5": 0.18224888888888865,
        "dbpedia_10": 0.32696783068783025,
        "lmdb_5": 0.15217777777777802,
        "lmdb_10": 0.25667182539682526
    },
    "result_5": {
        "dbpedia_5": 0.1804266666666664,
        "dbpedia_10": 0.3253306878306876,
        "lmdb_5": 0.1515333333333336,
        "lmdb_10": 0.2554002645502644
    },
    "result_6": {
        "dbpedia_5": 0.1811733333333332,
        "dbpedia_10": 0.32427809523809487,
        "lmdb_5": 0.15300000000000022,
        "lmdb_10": 0.25122208994709
    },
    "result_7": {
        "dbpedia_5": 0.18127999999999966,
        "dbpedia_10": 0.3249655555555555,
        "lmdb_5": 0.1498444444444447,
        "lmdb_10": 0.25506613756613744
    },
    "result_8": {
        "dbpedia_5": 0.18106222222222182,
        "dbpedia_10": 0.32883857142857087,
        "lmdb_5": 0.15091111111111136,
        "lmdb_10": 0.2555470899470899
    },
    "result_9": {
        "dbpedia_5": 0.18274222222222203,
        "dbpedia_10": 0.3333073015873012,
        "lmdb_5": 0.1537666666666669,
        "lmdb_10": 0.25520343915343907
    },
    "result_10": {
        "dbpedia_5": 0.17708888888888863,
        "dbpedia_10": 0.3261556084656082,
        "lmdb_5": 0.15406666666666696,
        "lmdb_10": 0.2535042328042328
    }
}